Residue,WT_AA,mut_AA,total
1,S,C,19
1,S,G,695
1,S,I,5
1,S,N,319
1,S,R,29
2,G,D,4
2,G,V,4
3,F,L,9
3,F,V,535
4,R,I,12
4,R,K,1013
4,R,S,27
5,K,E,44
5,K,N,18
5,K,Q,41
5,K,R,54
5,K,T,6
6,M,I,179
6,M,L,73
6,M,T,34
6,M,V,24
7,A,S,52
7,A,T,1844
7,A,V,293
8,F,C,10
8,F,L,915
8,F,S,10
8,F,V,5
8,F,Y,68
9,P,S,34
10,S,F,6
10,S,P,4
10,S,T,18
11,G,S,43
12,K,R,661
13,V,A,58
13,V,I,242
14,E,D,7
15,G,C,1501
15,G,D,287
15,G,S,23037
15,G,V,77
16,C,F,8
16,C,S,48
17,M,I,2649
17,M,T,225
17,M,V,2183
18,V,A,266
18,V,I,1095
18,V,L,132
19,Q,H,106
19,Q,K,20
19,Q,R,32
20,V,A,191
20,V,I,72
20,V,L,61
21,T,A,129
21,T,I,14337
21,T,N,35
21,T,S,11
22,C,R,4
22,C,S,6
23,G,C,77
23,G,D,58
23,G,S,577
23,G,V,280
24,T,A,1818
24,T,I,1567
24,T,K,12
24,T,S,14
25,T,A,268
25,T,I,628
25,T,N,5
25,T,S,25
26,T,A,113
26,T,I,15
26,T,S,6
27,L,F,4
27,L,P,8
29,G,S,4
29,G,V,4
30,L,F,56
30,L,I,56
30,L,P,6
30,L,V,18
31,W,C,4
32,L,F,14
32,L,I,183
33,D,A,150
33,D,E,40
33,D,G,1292
33,D,H,4
33,D,N,63
33,D,Y,98
34,D,A,17
34,D,E,50
34,D,G,139
34,D,H,9
34,D,N,179
34,D,Y,16
35,V,A,80
35,V,I,1351
35,V,L,217
36,V,I,204
36,V,L,3
37,Y,C,114
37,Y,F,3
37,Y,H,297
37,Y,N,12
38,C,F,3
38,C,G,33
38,C,S,38
39,P,L,9
39,P,S,4
40,R,T,6
41,H,Y,4
42,V,A,36
42,V,L,354
42,V,M,4
43,I,L,848
43,I,T,8
43,I,V,899
44,CT,S,79
45,T,A,199
45,T,I,3270
45,T,N,775
45,T,S,6
46,S,A,99
46,S,C,5
46,S,F,2746
46,S,P,1043
46,S,T,3
46,S,Y,44
47,E,A,191
47,E,D,112
47,E,G,211
47,E,K,1167
47,E,L,13
47,E,N,5290
47,E,Q,6
47,E,V,17
48,D,E,16
48,D,G,138
48,D,H,8
48,D,N,210
48,D,Y,91
49,M,I,2045
49,M,K,8
49,M,L,43
49,M,R,3
49,M,T,65
49,M,V,26
50,L,F,3998
50,L,I,34
50,L,P,3
50,L,R,11
50,L,V,18
51,N,D,10
51,N,K,36
51,N,S,148
51,N,T,6
52,P,L,21
52,P,S,35
53,N,D,19
53,N,H,3
53,N,K,10
53,N,S,33
55,E,D,169
55,E,G,4
56,D,N,50
57,L,S,36
58,L,F,598
58,L,I,8
59,I,L,18
59,I,M,8
59,I,T,7
59,I,V,56
60,R,C,1357
60,R,L,946
61,K,R,505
62,S,A,20
62,S,C,4
62,S,F,4
62,S,Y,19
64,H,Y,82
65,N,K,3
65,N,S,945
65,N,Y,6
66,F,L,4
67,L,F,1887
67,L,M,19
67,L,S,434
67,L,V,41
68,V,A,45
68,V,I,382
68,V,L,66
69,Q,E,151
69,Q,H,234
69,Q,K,10
69,Q,L,12
69,Q,R,211
70,A,D,43
70,A,S,378
70,A,T,541
70,A,V,1761
71,G,C,155
71,G,D,127
71,G,R,12
71,G,S,4947
71,G,V,333
72,N,D,23
72,N,H,4
72,N,I,8
72,N,K,13
72,N,S,434
72,N,T,28
72,N,Y,25
73,V,A,43
73,V,F,91
73,V,I,14515
73,V,M,22
74,Q,H,27
74,Q,L,4
74,Q,P,13
74,Q,R,22
75,L,F,9098
75,L,H,11
75,L,I,470
75,L,P,8
75,L,R,48
75,L,V,34
76,R,K,266
76,R,M,80
76,R,S,443
77,V,A,79
77,V,I,301
77,V,L,56
78,I,L,123
78,I,M,17
78,I,N,32
78,I,S,256
78,I,T,508
78,I,V,2049
79,G,R,4
80,H,N,148
80,H,Q,4
80,H,R,19
80,H,Y,94
81,S,A,600
81,S,C,7
81,S,F,1479
81,S,P,11
81,S,T,21
81,S,Y,25
82,M,I,1027
82,M,T,29
82,M,V,34
83,Q,E,4
83,Q,H,1914
83,Q,K,1892
83,Q,L,41
83,Q,R,66
84,N,D,85
84,N,H,110
84,N,I,12
84,N,K,200
84,N,S,276
84,N,T,7
84,N,Y,7
85,C,S,3
86,V,A,344
86,V,E,8
86,V,I,711
86,V,L,51
87,L,F,331
87,L,I,87
88,K,E,4
88,K,M,3
88,K,N,468
88,K,R,16262
88,K,T,18
89,L,F,224299
89,L,I,22
90,K,G,9
90,K,N,371
90,K,R,140450
91,V,A,39
91,V,I,240
91,V,L,6
92,D,A,44
92,D,E,41
92,D,G,770
92,D,N,232
92,D,V,7
92,D,Y,53
93,T,A,272
93,T,I,4008
93,T,S,10
94,A,N,3
94,A,P,5
94,A,S,96
94,A,T,611
94,A,V,1970
95,N,S,15
96,P,H,415
96,P,L,7639
96,P,R,8
96,P,S,7488
96,P,T,173
97,K,M,7
97,K,N,15
97,K,R,441
97,K,T,43
98,T,A,80
98,T,I,3
98,T,S,30
99,P,H,5
99,P,L,140
99,P,S,108
99,P,T,27
100,K,N,3743
100,K,R,441
100,K,T,347
101,Y,C,664
101,Y,F,4
101,Y,H,166
101,Y,S,213
102,K,N,31
102,K,R,680
103,F,C,27
103,F,I,6
103,F,L,203
103,F,S,5
103,F,Y,4
104,V,A,50
104,V,F,428
104,V,I,910
105,R,C,17
105,R,H,611
106,I,F,28
106,I,L,14
106,I,M,31
106,I,S,10
106,I,T,69
106,I,V,296
107,Q,H,32
107,Q,R,84
108,P,A,17
108,P,L,4004
108,P,Q,171
108,P,R,54
108,P,S,21822
108,P,T,127
109,G,R,194
109,G,V,4
110,Q,H,204
110,Q,N,49
111,T,A,16
111,T,I,8
111,T,N,22
111,T,P,8
111,T,S,27
112,F,L,378
113,S,A,7
113,S,L,10
113,S,T,6
114,V,A,99
114,V,L,270
114,V,M,56
116,A,S,48
116,A,T,109
116,A,V,1804
117,C,F,4
117,C,S,20
119,N,D,41
119,N,S,331
119,N,T,149
120,G,C,10
120,G,S,129
121,S,A,24
121,S,L,1224
121,S,T,30
122,P,L,6
122,P,S,211
123,S,A,42
123,S,C,91
123,S,F,129
124,G,C,7
124,G,S,4
125,V,I,609
127,Q,H,43
128,C,S,123
129,A,D,7
129,A,S,43
129,A,T,66
129,A,V,8691
130,M,I,888
130,M,L,7
130,M,V,67
131,R,K,4
131,R,M,5
131,R,S,3
132,P,A,41
132,P,H,2423179
132,P,L,7952
132,P,Q,9
132,P,R,12
132,P,S,8481
132,P,T,140
132,P,Y,499
133,N,T,16
134,F,C,22
134,F,L,68
134,F,S,144
134,F,Y,5
135,T,I,1674
135,T,S,6
136,I,F,6
136,I,T,20
136,I,V,106
137,K,M,39
138,G,A,4
138,G,S,7
139,S,A,22
139,S,L,4
139,S,P,3
140,F,L,7
140,F,S,6
141,L,F,4
141,L,I,10
141,L,P,3
142,N,D,50
142,N,K,5
142,N,L,10
142,N,S,56
142,N,T,3
143,G,S,8
144,S,A,9
144,S,L,9
145,C,Y,5
146,G,V,4
147,S,R,10
148,V,A,117
148,V,F,4
148,V,I,305
149,G,C,5
149,G,D,3
149,G,V,7
150,FN,Y,9
151,N,D,34
151,N,H,4
151,N,I,12
151,N,S,56
151,N,T,3
151,N,Y,22
152,I,L,12
152,I,M,26
152,I,T,148
152,I,V,58
153,D,E,14
153,D,G,349
153,D,N,13
153,D,Y,6
154,Y,C,9
155,D,A,41
155,D,E,102
155,D,G,21
155,D,H,20
155,D,N,138
155,D,Y,20
156,C,F,717
156,C,G,5
156,C,R,149
156,C,S,7
156,C,W,8
156,C,Y,903
157,V,A,21
157,V,F,97
157,V,I,271
157,V,L,9369
158,S,A,19
158,S,F,74
158,S,T,97
158,S,Y,4
159,F,I,3
159,F,L,726
160,C,F,2560
160,C,S,34
160,C,Y,643
162,M,I,2328
162,M,L,17
162,M,V,145
165,M,I,95
165,M,K,7
165,M,L,18
165,M,V,6
166,E,G,6
168,P,A,3
168,P,L,5
168,P,S,320
168,P,T,6
169,T,A,63
169,T,I,340
169,T,S,47
170,G,A,12
170,G,R,23
170,G,V,77
171,V,F,19
171,V,I,374
171,V,L,27
172,H,Q,4
172,H,Y,6
173,A,D,3
173,A,S,81
173,A,T,106
173,A,V,149
175,T,A,5
175,T,I,7
175,T,S,12
177,L,F,8
177,L,I,16
177,L,V,40
178,E,A,75
178,E,D,118
178,E,G,46
179,G,S,4
180,N,D,175
180,N,H,12
180,N,K,130
180,N,S,127
180,N,T,96
180,N,V,12
180,N,Y,13
181,F,L,9
183,G,V,6
184,P,H,6297
184,P,L,2218
184,P,S,3048
184,P,T,156
185,F,L,6
186,V,A,39
186,V,F,2795
186,V,I,703
186,V,L,5
187,D,Y,6
188,R,K,234
188,R,M,14
188,R,S,189
189,Q,H,6
189,Q,K,52
189,Q,L,3
189,Q,P,17
190,T,A,45
190,T,I,1416
191,A,G,68
191,A,P,3
191,A,S,114
191,A,T,525
191,A,V,8676
193,A,P,3
193,A,S,275
193,A,T,1360
193,A,V,1845
194,A,S,508
194,A,T,69
194,A,V,240
195,G,A,4
195,G,C,7
195,G,D,46
195,G,S,360
196,T,A,194
196,T,M,14079
197,D,E,54
197,D,N,311
197,D,Y,8
198,T,A,1364
198,T,I,1021
198,T,K,14
198,T,S,20
199,T,A,389
199,T,I,1098
199,T,N,32
199,T,P,7
200,I,V,35
201,T,A,38
201,T,I,3
202,V,A,20
202,V,F,31
202,V,I,277
202,V,L,4
203,N,S,5
204,V,A,375
204,V,D,4
204,V,I,123
205,L,I,9
205,L,V,5657
206,A,S,89
206,A,V,5
207,W,C,9
207,W,R,4
208,L,F,11
208,L,V,16
209,Y,H,13
210,A,S,8
210,A,T,9
210,A,V,11
211,A,G,3
211,A,S,58
211,A,T,5
212,V,A,71
212,V,F,635
212,V,I,1306
212,V,L,13
213,I,K,4
213,I,L,67
213,I,M,93
213,I,T,391
213,I,V,11418
214,N,D,17
214,N,I,4
214,N,T,19
215,G,A,19
215,G,E,24
215,G,R,264
216,D,E,41
216,D,H,334
216,D,N,157
217,R,G,63
217,R,K,60
217,R,M,91
217,R,S,903
218,W,C,20
218,W,G,15
218,W,R,19
219,F,L,7
219,F,V,5
220,L,F,12354
220,L,H,16
220,L,I,207
220,L,R,24
221,N,D,24
221,N,H,393
221,N,K,15
221,N,S,1444
221,N,T,15
221,N,Y,12
222,R,G,4
222,R,L,161
222,R,P,16
222,R,Q,197
223,F,C,24
223,F,I,3
223,F,L,850
223,F,R,4
223,F,S,69
223,F,V,358
223,F,Y,7
224,T,A,81
224,T,I,558
224,T,N,120
225,T,A,47
225,T,I,2726
225,T,S,9
226,T,A,908
226,T,I,89
226,T,N,47
226,T,P,7
227,L,F,1040
227,L,I,52
227,L,P,79
227,L,R,80
228,N,D,3
228,N,K,87
228,N,S,464
228,N,T,45
228,N,Y,26
229,D,E,207
229,D,N,10
229,D,Y,5
230,F,I,4
230,F,L,8
232,L,F,1027
232,L,I,467
233,V,A,286
233,V,E,5
233,V,G,3
233,V,L,44
233,V,M,1009
234,A,S,108
234,A,T,541
234,A,V,5736
235,M,I,583
235,M,L,9
235,M,V,11
236,K,N,59
236,K,R,2000
237,Y,C,130
237,Y,F,3
237,Y,H,41
237,Y,S,154
238,N,H,4
238,N,K,17
238,N,S,58
238,N,T,385
238,N,Y,10
239,Y,C,825
239,Y,H,54
239,Y,S,7
240,E,A,15
240,E,D,3
241,P,H,773
241,P,L,3908
241,P,S,6091
241,P,T,68
242,L,I,52
242,L,V,3
243,T,A,175
243,T,I,910
243,T,K,27
244,Q,H,22
244,Q,K,14
244,Q,L,3
244,Q,R,94
245,D,A,6
245,D,E,14
245,D,G,30
245,D,H,593
245,D,N,261
245,D,Y,13
246,H,D,71
246,H,L,35
246,H,N,28
246,H,Q,33
246,H,R,144
246,H,Y,4746
247,V,A,55
247,V,F,3220
247,V,G,8
247,V,I,475
247,V,L,57
248,D,A,21
248,D,E,719
248,D,G,10
248,D,N,27
248,D,V,6
248,D,Y,47
249,I,L,17
249,I,M,10
249,I,R,21
249,I,T,553
249,I,V,344
250,L,I,31
251,G,A,12
251,G,E,23
251,G,R,269
251,G,V,12
252,P,H,7
252,P,L,290
252,P,S,72
252,P,T,75
253,L,F,171
253,L,H,6
253,L,I,20
253,L,V,17
254,S,A,61
254,S,C,7
254,S,F,2466
254,S,T,7
254,S,Y,33
255,A,S,13
255,A,T,9
255,A,V,1232
256,Q,L,5
256,Q,R,5
257,T,A,82
257,T,I,753
257,T,N,5
257,T,S,13
258,G,E,10
258,G,R,3
258,G,V,5
259,I,F,8
259,I,L,12151
259,I,M,20
259,I,T,126
259,I,V,305
260,A,D,23
260,A,G,5
260,A,S,84
260,A,T,130
260,A,V,25531
261,V,A,211
261,V,F,292
261,V,G,16
261,V,I,1150
262,L,F,30
262,L,I,13
262,L,S,8
262,L,V,7
263,D,A,123
263,D,E,136
263,D,G,654
263,D,N,322
263,D,Y,51
264,M,I,1658
264,M,L,13
264,M,V,890
265,C,G,8
265,C,S,7
266,A,G,6
266,A,S,620
266,A,T,325
266,A,V,876
267,S,A,21
267,S,L,263
267,S,P,6
267,S,T,5
268,L,F,4
268,L,I,4
268,L,V,3
269,K,R,43
270,E,A,65
270,E,D,153
270,E,G,113
270,E,K,3
270,E,Q,4
271,L,I,8
271,L,V,21
272,L,M,83
272,L,Q,4
272,L,V,17
273,Q,H,59
273,Q,K,1003
273,Q,L,266
273,Q,P,5
273,Q,R,125
274,N,D,1483
274,N,H,16
274,N,I,9
274,N,K,20
274,N,S,2610
274,N,T,42
274,N,Y,16
275,G,C,4
275,G,S,254
275,G,V,6
276,M,I,348
276,M,L,265
276,M,T,647
276,M,V,758
277,N,D,217
277,N,H,62
277,N,K,160
277,N,S,522
277,N,T,136
277,N,Y,52
278,G,E,83
278,G,K,5
278,G,R,535
278,G,V,14
279,R,C,2317
279,R,H,345
279,R,L,68
279,R,S,43
280,T,A,104
280,T,I,599
280,T,N,325
280,T,R,6
281,I,L,50
281,I,M,21
281,I,V,256
282,L,F,31
282,L,S,5
282,L,V,18
283,G,C,879
283,G,D,386
283,G,S,841
284,S,C,145
284,S,G,1151
284,S,I,275
284,S,N,123
284,S,T,4
285,A,D,70
285,A,P,7
285,A,S,50
285,A,T,154
285,A,V,1630
286,L,F,5
286,L,I,3
287,L,F,14
287,L,I,4
287,L,V,20
288,E,D,328
290,E,D,6
292,T,A,95
292,T,I,6
293,P,L,9
293,P,S,196
293,P,T,10
294,F,L,15
296,V,A,19
296,V,F,3
296,V,I,1410
297,V,A,19
297,V,F,22
297,V,I,1460
298,R,G,218
298,R,I,61
298,R,K,447
298,R,S,270
298,R,T,3
300,C,F,4
300,C,S,36
301,S,A,335
301,S,L,428
301,S,P,15
301,S,T,25
302,G,A,3
302,G,C,52
302,G,S,16
303,V,F,16
303,V,I,1340
304,T,A,15
304,T,I,731
304,T,N,42
304,T,S,3
305,F,C,3
305,F,I,37
305,F,L,86
305,F,S,5
305,F,V,11
306,Q,H,13