"resid","site_1","site_2","site_3","count","corrected_count","WT","one_mismatch","DistFromWT","sequence"
135,"TTT","ACT","ATC",0,0,FALSE,FALSE,2,"ATGAGGCCCAATTTTACTATCAAGGGTTCA"
135,"TTC","CCT","ATC",0,0,FALSE,FALSE,2,"ATGAGGCCCAATTTCCCTATCAAGGGTTCA"
135,"TTC","TCG","ATA",0,0,FALSE,FALSE,3,"ATGAGGCCCAATTTCTCGATAAAGGGTTCA"
135,"TTT","TCT","ATA",0,0,FALSE,FALSE,3,"ATGAGGCCCAATTTTTCTATAAAGGGTTCA"
135,"TTC","GTT","ATA",0,0,FALSE,FALSE,3,"ATGAGGCCCAATTTCGTTATAAAGGGTTCA"
135,"TTT","ACG","ATC",0,0,FALSE,FALSE,3,"ATGAGGCCCAATTTTACGATCAAGGGTTCA"
135,"TTC","TCG","ATC",0,0,FALSE,FALSE,3,"ATGAGGCCCAATTTCTCGATCAAGGGTTCA"
135,"TTT","GCT","ATC",0,0,FALSE,FALSE,3,"ATGAGGCCCAATTTTGCTATCAAGGGTTCA"
135,"TTT","TCT","ATC",0,0,FALSE,FALSE,3,"ATGAGGCCCAATTTTTCTATCAAGGGTTCA"
135,"TTT","ATT","ATC",0,0,FALSE,FALSE,3,"ATGAGGCCCAATTTTATTATCAAGGGTTCA"
135,"TTC","GTT","ATC",0,0,FALSE,FALSE,3,"ATGAGGCCCAATTTCGTTATCAAGGGTTCA"
135,"TTT","GCG","ATA",0,0,FALSE,FALSE,4,"ATGAGGCCCAATTTTGCGATAAAGGGTTCA"
135,"TTT","TCG","ATC",0,0,FALSE,FALSE,4,"ATGAGGCCCAATTTTTCGATCAAGGGTTCA"
135,"TTT","CTG","ATC",0,0,FALSE,FALSE,5,"ATGAGGCCCAATTTTCTGATCAAGGGTTCA"
135,"TTC","TCT","ATA",1,1,FALSE,FALSE,2,"ATGAGGCCCAATTTCTCTATAAAGGGTTCA"
135,"TTC","TCT","ATC",1,1,FALSE,FALSE,2,"ATGAGGCCCAATTTCTCTATCAAGGGTTCA"
135,"TTT","ACG","ATA",1,1,FALSE,FALSE,3,"ATGAGGCCCAATTTTACGATAAAGGGTTCA"
135,"TTT","GCT","ATA",1,1,FALSE,FALSE,3,"ATGAGGCCCAATTTTGCTATAAAGGGTTCA"
135,"TTT","TCG","ATA",1,1,FALSE,FALSE,4,"ATGAGGCCCAATTTTTCGATAAAGGGTTCA"
135,"TTC","GTG","ATA",1,1,FALSE,FALSE,4,"ATGAGGCCCAATTTCGTGATAAAGGGTTCA"
135,"TTT","ATG","ATC",1,1,FALSE,FALSE,4,"ATGAGGCCCAATTTTATGATCAAGGGTTCA"
135,"TTC","GTG","ATC",1,1,FALSE,FALSE,4,"ATGAGGCCCAATTTCGTGATCAAGGGTTCA"
135,"TTT","GTG","ATA",1,1,FALSE,FALSE,5,"ATGAGGCCCAATTTTGTGATAAAGGGTTCA"
135,"TTT","ACT","ATA",2,2,FALSE,FALSE,2,"ATGAGGCCCAATTTTACTATAAAGGGTTCA"
135,"TTC","GCG","ATA",2,2,FALSE,FALSE,3,"ATGAGGCCCAATTTCGCGATAAAGGGTTCA"
135,"TTC","TGT","ATC",2,2,FALSE,FALSE,3,"ATGAGGCCCAATTTCTGTATCAAGGGTTCA"
135,"TTT","GTT","ATA",2,2,FALSE,FALSE,4,"ATGAGGCCCAATTTTGTTATAAAGGGTTCA"
135,"TTT","CAT","ATC",2,2,FALSE,FALSE,4,"ATGAGGCCCAATTTTCATATCAAGGGTTCA"
135,"TTT","GTT","ATC",2,2,FALSE,FALSE,4,"ATGAGGCCCAATTTTGTTATCAAGGGTTCA"
135,"TTC","ACG","ATC",3,3,FALSE,FALSE,2,"ATGAGGCCCAATTTCACGATCAAGGGTTCA"
135,"TTT","ACG","ATT",3,1.5,FALSE,FALSE,2,"ATGAGGCCCAATTTTACGATTAAGGGTTCA"
135,"TTC","GCG","ATC",3,3,FALSE,FALSE,3,"ATGAGGCCCAATTTCGCGATCAAGGGTTCA"
135,"TTT","AGT","ATC",3,3,FALSE,FALSE,3,"ATGAGGCCCAATTTTAGTATCAAGGGTTCA"
135,"TTT","GTG","ATC",3,3,FALSE,FALSE,5,"ATGAGGCCCAATTTTGTGATCAAGGGTTCA"
135,"TTC","ATT","ATC",4,4,FALSE,FALSE,2,"ATGAGGCCCAATTTCATTATCAAGGGTTCA"
135,"TTC","GTG","ATT",4,4,FALSE,FALSE,3,"ATGAGGCCCAATTTCGTGATTAAGGGTTCA"
135,"TTT","TGT","ATA",4,4,FALSE,FALSE,4,"ATGAGGCCCAATTTTTGTATAAAGGGTTCA"
135,"TTT","ATT","ATT",10,10,FALSE,FALSE,2,"ATGAGGCCCAATTTTATTATTAAGGGTTCA"
135,"TTC","AGT","ATC",11,11,FALSE,FALSE,2,"ATGAGGCCCAATTTCAGTATCAAGGGTTCA"
135,"TTT","AGT","ATA",11,11,FALSE,FALSE,3,"ATGAGGCCCAATTTTAGTATAAAGGGTTCA"
135,"TTT","ATT","ATA",17,17,FALSE,FALSE,3,"ATGAGGCCCAATTTTATTATAAAGGGTTCA"
135,"TTT","TTG","ATC",22,22,FALSE,FALSE,5,"ATGAGGCCCAATTTTTTGATCAAGGGTTCA"
135,"TTC","CTT","ATA",25,25,FALSE,FALSE,3,"ATGAGGCCCAATTTCCTTATAAAGGGTTCA"
135,"TTC","ACT","ATC",31,31,FALSE,TRUE,1,"ATGAGGCCCAATTTCACTATCAAGGGTTCA"
135,"TTC","GTT","ATT",33,33,FALSE,FALSE,2,"ATGAGGCCCAATTTCGTTATTAAGGGTTCA"
135,"TTC","CAT","ATC",39,39,FALSE,FALSE,3,"ATGAGGCCCAATTTCCATATCAAGGGTTCA"
135,"TTC","TCG","ATT",44,44,FALSE,FALSE,2,"ATGAGGCCCAATTTCTCGATTAAGGGTTCA"
135,"TTT","CCT","ATC",50,50,FALSE,FALSE,3,"ATGAGGCCCAATTTTCCTATCAAGGGTTCA"
135,"TTC","TGT","ATA",51,51,FALSE,FALSE,3,"ATGAGGCCCAATTTCTGTATAAAGGGTTCA"
135,"TTT","TCT","ATT",52,52,FALSE,FALSE,2,"ATGAGGCCCAATTTTTCTATTAAGGGTTCA"
135,"TTT","GTT","ATT",53,53,FALSE,FALSE,3,"ATGAGGCCCAATTTTGTTATTAAGGGTTCA"
135,"TTC","CTT","ATC",58,58,FALSE,FALSE,3,"ATGAGGCCCAATTTCCTTATCAAGGGTTCA"
135,"TTC","TTT","ATC",62,62,FALSE,FALSE,3,"ATGAGGCCCAATTTCTTTATCAAGGGTTCA"
135,"TTT","TGT","ATC",62,62,FALSE,FALSE,4,"ATGAGGCCCAATTTTTGTATCAAGGGTTCA"
135,"TTT","AAT","ATA",74,74,FALSE,FALSE,3,"ATGAGGCCCAATTTTAATATAAAGGGTTCA"
135,"TTT","GCG","ATC",81,81,FALSE,FALSE,4,"ATGAGGCCCAATTTTGCGATCAAGGGTTCA"
135,"TTC","CTG","ATC",82,82,FALSE,FALSE,4,"ATGAGGCCCAATTTCCTGATCAAGGGTTCA"
135,"TTC","ACG","ATA",84,84,FALSE,FALSE,2,"ATGAGGCCCAATTTCACGATAAAGGGTTCA"
135,"TTC","GCT","ATA",84,84,FALSE,FALSE,2,"ATGAGGCCCAATTTCGCTATAAAGGGTTCA"
135,"TTC","ATT","ATA",85,85,FALSE,FALSE,2,"ATGAGGCCCAATTTCATTATAAAGGGTTCA"
135,"TTC","TGT","ATT",90,90,FALSE,FALSE,2,"ATGAGGCCCAATTTCTGTATTAAGGGTTCA"
135,"TTC","GCT","ATC",98,98,FALSE,FALSE,2,"ATGAGGCCCAATTTCGCTATCAAGGGTTCA"
135,"TTT","CTG","ATA",101,101,FALSE,FALSE,5,"ATGAGGCCCAATTTTCTGATAAAGGGTTCA"
135,"TTC","GGG","ATA",104,104,FALSE,FALSE,4,"ATGAGGCCCAATTTCGGGATAAAGGGTTCA"
135,"TTC","TAT","ATA",107,107,FALSE,FALSE,3,"ATGAGGCCCAATTTCTATATAAAGGGTTCA"
135,"TTT","TAT","ATC",108,108,FALSE,FALSE,4,"ATGAGGCCCAATTTTTATATCAAGGGTTCA"
135,"TTT","GCT","ATT",116,116,FALSE,FALSE,2,"ATGAGGCCCAATTTTGCTATTAAGGGTTCA"
135,"TTT","TCG","ATT",116,116,FALSE,FALSE,3,"ATGAGGCCCAATTTTTCGATTAAGGGTTCA"
135,"TTT","GTG","ATT",116,116,FALSE,FALSE,4,"ATGAGGCCCAATTTTGTGATTAAGGGTTCA"
135,"TTT","AGT","ATT",133,133,FALSE,FALSE,2,"ATGAGGCCCAATTTTAGTATTAAGGGTTCA"
135,"TTC","ACT","ATA",134,134,FALSE,TRUE,1,"ATGAGGCCCAATTTCACTATAAAGGGTTCA"
135,"TTT","GCG","ATT",136,136,FALSE,FALSE,3,"ATGAGGCCCAATTTTGCGATTAAGGGTTCA"
135,"TTC","CCG","ATA",140,140,FALSE,FALSE,3,"ATGAGGCCCAATTTCCCGATAAAGGGTTCA"
135,"TTC","ATT","ATT",145,145,FALSE,TRUE,1,"ATGAGGCCCAATTTCATTATTAAGGGTTCA"
135,"TTT","AAT","ATC",146,146,FALSE,FALSE,3,"ATGAGGCCCAATTTTAATATCAAGGGTTCA"
135,"TTT","GGG","ATC",146,146,FALSE,FALSE,5,"ATGAGGCCCAATTTTGGGATCAAGGGTTCA"
135,"TTT","TGT","ATT",147,147,FALSE,FALSE,3,"ATGAGGCCCAATTTTTGTATTAAGGGTTCA"
135,"TTT","TAG","ATC",150,150,FALSE,FALSE,5,"ATGAGGCCCAATTTTTAGATCAAGGGTTCA"
135,"TTT","TGG","ATA",156,156,FALSE,FALSE,5,"ATGAGGCCCAATTTTTGGATAAAGGGTTCA"
135,"TTT","CAT","ATA",162,162,FALSE,FALSE,4,"ATGAGGCCCAATTTTCATATAAAGGGTTCA"
135,"TTC","CAT","ATA",167,167,FALSE,FALSE,3,"ATGAGGCCCAATTTCCATATAAAGGGTTCA"
135,"TTT","AAG","ATC",176,176,FALSE,FALSE,4,"ATGAGGCCCAATTTTAAGATCAAGGGTTCA"
135,"TTT","TTG","ATT",179,179,FALSE,FALSE,4,"ATGAGGCCCAATTTTTTGATTAAGGGTTCA"
135,"TTC","AGT","ATA",181,181,FALSE,FALSE,2,"ATGAGGCCCAATTTCAGTATAAAGGGTTCA"
135,"TTT","CCG","ATC",183,183,FALSE,FALSE,4,"ATGAGGCCCAATTTTCCGATCAAGGGTTCA"
135,"TTT","CTT","ATC",183,183,FALSE,FALSE,4,"ATGAGGCCCAATTTTCTTATCAAGGGTTCA"
135,"TTC","TTT","ATA",202,202,FALSE,FALSE,3,"ATGAGGCCCAATTTCTTTATAAAGGGTTCA"
135,"TTT","CAG","ATA",206,206,FALSE,FALSE,5,"ATGAGGCCCAATTTTCAGATAAAGGGTTCA"
135,"TTT","TAT","ATA",210,210,FALSE,FALSE,4,"ATGAGGCCCAATTTTTATATAAAGGGTTCA"
135,"TTT","CTT","ATA",215,215,FALSE,FALSE,4,"ATGAGGCCCAATTTTCTTATAAAGGGTTCA"
135,"TTT","TTT","ATA",216,216,FALSE,FALSE,4,"ATGAGGCCCAATTTTTTTATAAAGGGTTCA"
135,"TTC","CTG","ATA",220,220,FALSE,FALSE,4,"ATGAGGCCCAATTTCCTGATAAAGGGTTCA"
135,"TTT","ACT","ATT",230,115,FALSE,TRUE,1,"ATGAGGCCCAATTTTACTATTAAGGGTTCA"
135,"TTC","TGG","ATC",238,238,FALSE,FALSE,4,"ATGAGGCCCAATTTCTGGATCAAGGGTTCA"
135,"TTT","TTT","ATC",245,245,FALSE,FALSE,4,"ATGAGGCCCAATTTTTTTATCAAGGGTTCA"
135,"TTT","CTT","ATT",246,246,FALSE,FALSE,3,"ATGAGGCCCAATTTTCTTATTAAGGGTTCA"
135,"TTT","TGG","ATC",252,252,FALSE,FALSE,5,"ATGAGGCCCAATTTTTGGATCAAGGGTTCA"
135,"TTC","CCG","ATC",261,261,FALSE,FALSE,3,"ATGAGGCCCAATTTCCCGATCAAGGGTTCA"
135,"TTT","CCG","ATA",262,262,FALSE,FALSE,4,"ATGAGGCCCAATTTTCCGATAAAGGGTTCA"
135,"TTT","TTT","ATT",263,263,FALSE,FALSE,3,"ATGAGGCCCAATTTTTTTATTAAGGGTTCA"
135,"TTC","TAT","ATC",267,267,FALSE,FALSE,3,"ATGAGGCCCAATTTCTATATCAAGGGTTCA"
135,"TTC","CAG","ATA",269,269,FALSE,FALSE,4,"ATGAGGCCCAATTTCCAGATAAAGGGTTCA"
135,"TTC","TCT","ATT",273,273,FALSE,TRUE,1,"ATGAGGCCCAATTTCTCTATTAAGGGTTCA"
135,"TTC","GGG","ATC",282,282,FALSE,FALSE,4,"ATGAGGCCCAATTTCGGGATCAAGGGTTCA"
135,"TTT","CGG","ATC",282,282,FALSE,FALSE,5,"ATGAGGCCCAATTTTCGGATCAAGGGTTCA"
135,"TTT","CGT","ATC",283,283,FALSE,FALSE,4,"ATGAGGCCCAATTTTCGTATCAAGGGTTCA"
135,"TTC","TGG","ATA",285,285,FALSE,FALSE,4,"ATGAGGCCCAATTTCTGGATAAAGGGTTCA"
135,"TTC","TTG","ATA",286,286,FALSE,FALSE,4,"ATGAGGCCCAATTTCTTGATAAAGGGTTCA"
135,"TTT","GGT","ATC",308,308,FALSE,FALSE,4,"ATGAGGCCCAATTTTGGTATCAAGGGTTCA"
135,"TTT","CAT","ATT",314,314,FALSE,FALSE,3,"ATGAGGCCCAATTTTCATATTAAGGGTTCA"
135,"TTT","TAG","ATA",317,317,FALSE,FALSE,5,"ATGAGGCCCAATTTTTAGATAAAGGGTTCA"
135,"TTC","GCG","ATT",330,330,FALSE,FALSE,2,"ATGAGGCCCAATTTCGCGATTAAGGGTTCA"
135,"TTC","GGT","ATC",336,336,FALSE,FALSE,3,"ATGAGGCCCAATTTCGGTATCAAGGGTTCA"
135,"TTC","AAG","ATA",347,347,FALSE,FALSE,3,"ATGAGGCCCAATTTCAAGATAAAGGGTTCA"
135,"TTT","GGG","ATA",356,356,FALSE,FALSE,5,"ATGAGGCCCAATTTTGGGATAAAGGGTTCA"
135,"TTC","AGT","ATT",375,375,FALSE,TRUE,1,"ATGAGGCCCAATTTCAGTATTAAGGGTTCA"
135,"TTT","AAG","ATA",389,389,FALSE,FALSE,4,"ATGAGGCCCAATTTTAAGATAAAGGGTTCA"
135,"TTC","ACG","ATT",392,196,FALSE,TRUE,1,"ATGAGGCCCAATTTCACGATTAAGGGTTCA"
135,"TTT","GAT","ATC",393,393,FALSE,FALSE,4,"ATGAGGCCCAATTTTGATATCAAGGGTTCA"
135,"TTT","ATG","ATA",412,412,FALSE,FALSE,4,"ATGAGGCCCAATTTTATGATAAAGGGTTCA"
135,"TTT","AGG","ATA",428,428,FALSE,FALSE,4,"ATGAGGCCCAATTTTAGGATAAAGGGTTCA"
135,"TTC","TAG","ATC",429,429,FALSE,FALSE,4,"ATGAGGCCCAATTTCTAGATCAAGGGTTCA"
135,"TTC","CAT","ATT",434,434,FALSE,FALSE,2,"ATGAGGCCCAATTTCCATATTAAGGGTTCA"
135,"TTT","CCT","ATT",435,435,FALSE,FALSE,2,"ATGAGGCCCAATTTTCCTATTAAGGGTTCA"
135,"TTC","TAT","ATT",437,437,FALSE,FALSE,2,"ATGAGGCCCAATTTCTATATTAAGGGTTCA"
135,"TTC","AAG","ATC",439,439,FALSE,FALSE,3,"ATGAGGCCCAATTTCAAGATCAAGGGTTCA"
135,"TTT","CGT","ATA",440,440,FALSE,FALSE,4,"ATGAGGCCCAATTTTCGTATAAAGGGTTCA"
135,"TTT","TAT","ATT",444,444,FALSE,FALSE,3,"ATGAGGCCCAATTTTTATATTAAGGGTTCA"
135,"TTC","CAG","ATC",452,452,FALSE,FALSE,4,"ATGAGGCCCAATTTCCAGATCAAGGGTTCA"
135,"TTT","TGG","ATT",465,465,FALSE,FALSE,4,"ATGAGGCCCAATTTTTGGATTAAGGGTTCA"
135,"TTC","AAT","ATA",481,481,FALSE,FALSE,2,"ATGAGGCCCAATTTCAATATAAAGGGTTCA"
135,"TTT","TTG","ATA",481,481,FALSE,FALSE,5,"ATGAGGCCCAATTTTTTGATAAAGGGTTCA"
135,"TTT","CAG","ATC",483,483,FALSE,FALSE,5,"ATGAGGCCCAATTTTCAGATCAAGGGTTCA"
135,"TTT","AAG","ATT",484,484,FALSE,FALSE,3,"ATGAGGCCCAATTTTAAGATTAAGGGTTCA"
135,"TTT","GAT","ATA",485,485,FALSE,FALSE,4,"ATGAGGCCCAATTTTGATATAAAGGGTTCA"
135,"TTC","CCT","ATA",493,493,FALSE,FALSE,2,"ATGAGGCCCAATTTCCCTATAAAGGGTTCA"
135,"TTC","AAT","ATC",496,496,FALSE,FALSE,2,"ATGAGGCCCAATTTCAATATCAAGGGTTCA"
135,"TTT","CCT","ATA",512,512,FALSE,FALSE,3,"ATGAGGCCCAATTTTCCTATAAAGGGTTCA"
135,"TTC","TAG","ATA",540,540,FALSE,FALSE,4,"ATGAGGCCCAATTTCTAGATAAAGGGTTCA"
135,"TTC","CGT","ATC",542,542,FALSE,FALSE,3,"ATGAGGCCCAATTTCCGTATCAAGGGTTCA"
135,"TTC","TTT","ATT",562,562,FALSE,FALSE,2,"ATGAGGCCCAATTTCTTTATTAAGGGTTCA"
135,"TTT","CTG","ATT",563,563,FALSE,FALSE,4,"ATGAGGCCCAATTTTCTGATTAAGGGTTCA"
135,"TTT","CGG","ATA",586,586,FALSE,FALSE,5,"ATGAGGCCCAATTTTCGGATAAAGGGTTCA"
135,"TTC","ATG","ATA",590,590,FALSE,FALSE,3,"ATGAGGCCCAATTTCATGATAAAGGGTTCA"
135,"TTC","CCT","ATT",601,601,FALSE,TRUE,1,"ATGAGGCCCAATTTCCCTATTAAGGGTTCA"
135,"TTC","GCT","ATT",606,606,FALSE,TRUE,1,"ATGAGGCCCAATTTCGCTATTAAGGGTTCA"
135,"TTC","CTG","ATT",619,619,FALSE,FALSE,3,"ATGAGGCCCAATTTCCTGATTAAGGGTTCA"
135,"TTC","GGT","ATA",671,671,FALSE,FALSE,3,"ATGAGGCCCAATTTCGGTATAAAGGGTTCA"
135,"TTT","GGG","ATT",743,743,FALSE,FALSE,4,"ATGAGGCCCAATTTTGGGATTAAGGGTTCA"
135,"TTT","AAT","ATT",794,794,FALSE,FALSE,2,"ATGAGGCCCAATTTTAATATTAAGGGTTCA"
135,"TTT","CCG","ATT",795,795,FALSE,FALSE,3,"ATGAGGCCCAATTTTCCGATTAAGGGTTCA"
135,"TTC","TTG","ATC",804,804,FALSE,FALSE,4,"ATGAGGCCCAATTTCTTGATCAAGGGTTCA"
135,"TTC","ATG","ATC",807,807,FALSE,FALSE,3,"ATGAGGCCCAATTTCATGATCAAGGGTTCA"
135,"TTT","ATG","ATT",811,811,FALSE,FALSE,3,"ATGAGGCCCAATTTTATGATTAAGGGTTCA"
135,"TTC","GGG","ATT",812,812,FALSE,FALSE,3,"ATGAGGCCCAATTTCGGGATTAAGGGTTCA"
135,"TTC","CTT","ATT",815,815,FALSE,FALSE,2,"ATGAGGCCCAATTTCCTTATTAAGGGTTCA"
135,"TTT","GGT","ATA",820,820,FALSE,FALSE,4,"ATGAGGCCCAATTTTGGTATAAAGGGTTCA"
135,"TTT","AGG","ATC",852,852,FALSE,FALSE,4,"ATGAGGCCCAATTTTAGGATCAAGGGTTCA"
135,"TTC","CCG","ATT",869,869,FALSE,FALSE,2,"ATGAGGCCCAATTTCCCGATTAAGGGTTCA"
135,"TTT","GAG","ATC",935,935,FALSE,FALSE,5,"ATGAGGCCCAATTTTGAGATCAAGGGTTCA"
135,"TTT","CAG","ATT",978,978,FALSE,FALSE,4,"ATGAGGCCCAATTTTCAGATTAAGGGTTCA"
135,"TTC","TGG","ATT",983,983,FALSE,FALSE,3,"ATGAGGCCCAATTTCTGGATTAAGGGTTCA"
135,"TTT","GAG","ATA",1017,1017,FALSE,FALSE,5,"ATGAGGCCCAATTTTGAGATAAAGGGTTCA"
135,"TTC","CGG","ATC",1053,1053,FALSE,FALSE,4,"ATGAGGCCCAATTTCCGGATCAAGGGTTCA"
135,"TTC","GAT","ATC",1073,1073,FALSE,FALSE,3,"ATGAGGCCCAATTTCGATATCAAGGGTTCA"
135,"TTC","GAG","ATC",1107,1107,FALSE,FALSE,4,"ATGAGGCCCAATTTCGAGATCAAGGGTTCA"
135,"TTC","GAT","ATA",1108,1108,FALSE,FALSE,3,"ATGAGGCCCAATTTCGATATAAAGGGTTCA"
135,"TTT","TAG","ATT",1126,1126,FALSE,FALSE,4,"ATGAGGCCCAATTTTTAGATTAAGGGTTCA"
135,"TTT","GGT","ATT",1134,1134,FALSE,FALSE,3,"ATGAGGCCCAATTTTGGTATTAAGGGTTCA"
135,"TTC","TTG","ATT",1191,1191,FALSE,FALSE,3,"ATGAGGCCCAATTTCTTGATTAAGGGTTCA"
135,"TTC","CGG","ATA",1286,1286,FALSE,FALSE,4,"ATGAGGCCCAATTTCCGGATAAAGGGTTCA"
135,"TTC","AGG","ATC",1363,1363,FALSE,FALSE,3,"ATGAGGCCCAATTTCAGGATCAAGGGTTCA"
135,"TTC","AGG","ATA",1391,1391,FALSE,FALSE,3,"ATGAGGCCCAATTTCAGGATAAAGGGTTCA"
135,"TTC","CGT","ATA",1429,1429,FALSE,FALSE,3,"ATGAGGCCCAATTTCCGTATAAAGGGTTCA"
135,"TTC","AAT","ATT",1693,1693,FALSE,TRUE,1,"ATGAGGCCCAATTTCAATATTAAGGGTTCA"
135,"TTC","GGT","ATT",1750,1750,FALSE,FALSE,2,"ATGAGGCCCAATTTCGGTATTAAGGGTTCA"
135,"TTC","GAG","ATA",1916,1916,FALSE,FALSE,4,"ATGAGGCCCAATTTCGAGATAAAGGGTTCA"
135,"TTC","TAG","ATT",2139,2139,FALSE,FALSE,3,"ATGAGGCCCAATTTCTAGATTAAGGGTTCA"
135,"TTT","CGT","ATT",2364,2364,FALSE,FALSE,3,"ATGAGGCCCAATTTTCGTATTAAGGGTTCA"
135,"TTT","GAG","ATT",2365,2365,FALSE,FALSE,4,"ATGAGGCCCAATTTTGAGATTAAGGGTTCA"
135,"TTT","AGG","ATT",2382,2382,FALSE,FALSE,3,"ATGAGGCCCAATTTTAGGATTAAGGGTTCA"
135,"TTT","GAT","ATT",2400,2400,FALSE,FALSE,3,"ATGAGGCCCAATTTTGATATTAAGGGTTCA"
135,"TTT","CGG","ATT",2499,2499,FALSE,FALSE,4,"ATGAGGCCCAATTTTCGGATTAAGGGTTCA"
135,"TTC","ATG","ATT",2611,2611,FALSE,FALSE,2,"ATGAGGCCCAATTTCATGATTAAGGGTTCA"
135,"TTC","CGG","ATT",2675,2675,FALSE,FALSE,3,"ATGAGGCCCAATTTCCGGATTAAGGGTTCA"
135,"TTC","CAG","ATT",2808,2808,FALSE,FALSE,3,"ATGAGGCCCAATTTCCAGATTAAGGGTTCA"
135,"TTC","AAG","ATT",3405,3405,FALSE,FALSE,2,"ATGAGGCCCAATTTCAAGATTAAGGGTTCA"
135,"TTC","GAT","ATT",4469,4469,FALSE,FALSE,2,"ATGAGGCCCAATTTCGATATTAAGGGTTCA"
135,"TTC","AGG","ATT",4608,4608,FALSE,FALSE,2,"ATGAGGCCCAATTTCAGGATTAAGGGTTCA"
135,"TTC","CGT","ATT",4685,4685,FALSE,FALSE,2,"ATGAGGCCCAATTTCCGTATTAAGGGTTCA"
135,"TTC","GAG","ATT",5574,5574,FALSE,FALSE,3,"ATGAGGCCCAATTTCGAGATTAAGGGTTCA"
135,"TTC","ACT","ATT",192568,192568,TRUE,FALSE,0,"ATGAGGCCCAATTTCACTATTAAGGGTTCA"
